{"target": 0.2482625015705505, "params": {"alpha": 0.002958907551667213}}