{"target": 0.24904091222143102, "params": {"alpha": 0.18779166491411048}}