{"target": 0.2491442879826905, "params": {"alpha": 0.8574416223053059}}