{"target": 0.24897629925922785, "params": {"alpha": 0.07869957193521661}}