{"target": 0.24985229196112416, "params": {"alpha": 0.08652568840220509}}