{"target": 0.14269678433890376, "params": {"alpha": 0.22199317108973948, "beta": 0.8707323061773764}}